<?xml version="1.0" encoding="UTF-8"?>
<project-private xmlns="http://www.netbeans.org/ns/project-private/1">
    <editor-bookmarks xmlns="http://www.netbeans.org/ns/editor-bookmarks/2" lastBookmarkId="0"/>
    <open-files xmlns="http://www.netbeans.org/ns/projectui-open-files/2">
        <group>
            <file>file:/C:/SGUS/Java_SE_II/Cohort_2/Demo/src/Demo3.java</file>
            <file>file:/C:/SGUS/Java_SE_II/Cohort_2/Demo/src/Demo5.java</file>
            <file>file:/C:/SGUS/Java_SE_II/Cohort_2/Demo/src/Demo4.java</file>
            <file>file:/C:/SGUS/Java_SE_II/Cohort_2/Demo/src/Demo7.java</file>
            <file>file:/C:/SGUS/Java_SE_II/Cohort_2/Demo/src/Demo1.java</file>
            <file>file:/C:/SGUS/Java_SE_II/Cohort_2/Demo/src/Demo6.java</file>
            <file>file:/C:/SGUS/Java_SE_II/Cohort_2/Demo/src/Demo2.java</file>
        </group>
    </open-files>
</project-private>
